,PC1,PC2
0,0.09069716948510094,0.027137034994246693
1,-0.11299648609156304,-0.18219962789121608
2,0.13899842334543205,0.08954631242787886
3,0.03070701548622717,-0.14999832719111725
4,0.2059402136075955,0.10061772110012826
5,0.04990155754998454,0.014276074217652212
6,-0.3739582776053979,0.20896608115638757
7,-0.11944536404294422,-0.16979368855416754
8,0.09015574826556505,0.06144841974020722
