,PC1,PC2
0,0.06879950838825094,0.04657051433864418
1,-0.25920093745961137,0.12327966032469959
2,0.09223744326136625,-0.00141011530145316
3,0.04186057614958705,0.0023542315005434197
4,0.053363576481619865,0.013397332454117323
5,-0.09659484470747581,-0.24955557612384027
6,0.04106087019911566,-0.007976831848364322
7,0.05847380768714716,0.0733407846556536
