,PC1,PC2
0,-0.09774892156263923,-0.05057535127137
1,-0.10374404309314175,0.037550551701290014
2,-0.07541640955171727,-0.16415602991782144
3,0.455736742551412,0.0039239569383934525
4,-0.09365947256656766,0.05422626134867166
5,-0.0851678957773458,0.11903061120083623
