gene,r,P_value,cor,Name,strand
SPO1_97,0.9991763849700498,0.03333333333333333,0.9995881076573738,16.2,+
