gene,r,P_value,cor,Name,strand
SPO1_74,0.8856008161417012,0.043055555555555555,-0.94106366210884,3.1,+
SPO1_15,0.45024996098875053,0.025,-0.6710066773056363,47,+
SPO1_102,0.38632654507399933,0.03333333333333333,-0.6215517235709342,18.3,+
